Title, Price, Description, Link
Nazimiljardairs,27
99,Een baanbrekend, meeslepend verhaal over hoe Duitse bedrijven als BMW, Dr. Oetker, Porsche en Volkswagen… Meer,https://www.bol.com/be/nl/p/nazimiljardairs/9300000087743275/
nijntje versiert de kerstboom,11
95,Het is kerst! Kijk mee hoe nijntje kerst viert met haar familie en vriendjes. Versier de boom en je kamer… Meer,https://www.bol.com/be/nl/p/nijntje-versiert-de-kerstboom/9300000041454281/
Daar waar de rivierkreeften zingen,10
-,Een onwaarschijnlijk succesverhaal. Ruim 6 miljoen exemplaren verkocht in de VS! Kya Clark is in haar… Meer,https://www.bol.com/be/nl/p/daar-waar-de-rivierkreeften-zingen/9300000013285092/
Wij waren, ik ben,24
99,Op zondag 13 oktober 2019 verliet ik de boerderij waar ik jarenlang vastzat en stapte een café in Ruinerwold… Meer,https://www.bol.com/be/nl/p/wij-waren-ik-ben/9300000121746572/
It Ends With Us,10
19,SOMETIMES the ONE WHO LOVES YOU IS the ONE WHO HURTS YOU the MOST. Lily hasnt always had it easy, but… Meer,https://www.bol.com/be/nl/p/it-ends-with-us/9200000048502954/
